<?xml version="1.0" encoding="UTF-8"?>
<Configuration status="WARN" monitorInterval="30">
    <Properties>
        <Property name="LOG_PATTERN">
            %d{yyyy-MM-dd HH:mm:ss.SSS} %5p ${hostName} --- [%15.15t] %-40.40c{1.} : %m%n%ex
        </Property>
    </Properties>
    <Appenders>
        <Console name="ConsoleAppender" target="SYSTEM_OUT" follow="true">
            <PatternLayout pattern="${LOG_PATTERN}"/>
        </Console>
        <!-- Rolling File Appender -->
		<RollingFile name="FileAppender" fileName="logs/log4j2-demo.log" 
             filePattern="logs/log4j2-demo-%d{yyyy-MM-dd}-%i.log">
    		<PatternLayout>
        		<Pattern>${LOG_PATTERN}</Pattern>
    		</PatternLayout>
    		<Policies>
        		<TimeBasedTriggeringPolicy interval="1" />
    		</Policies>
    		<DefaultRolloverStrategy max="30"/>
		</RollingFile>
        
    </Appenders>
    <Loggers>
        <Logger name="com.example.cbs" level="debug" additivity="false">
        	<AppenderRef ref="ConsoleAppender" />
            <AppenderRef ref="FileAppender" />
        </Logger>

        <Root level="info">
            <AppenderRef ref="ConsoleAppender" />
            <AppenderRef ref="FileAppender"/>
            
        </Root>
    </Loggers>
</Configuration>
