<beans xmlns="http://www.springframework.org/schema/beans"
xmlns:xsi="http://www.w3.org/2001/XMLSchema-instance"
xsi:schemaLocation="http://www.springframework.org/schema/beans
http://www.springframework.org/schema/beans/spring-beans-2.5.xsd">

<bean id="mailSender" class="org.springframework.mail.javamail.JavaMailSenderImpl">
	<property name="host" value="mail.calypsouniverse.com" />
	<property name="port" value="26" />
	<property name="username" value="bootcamp@calypsouniverse.com" />
	<property name="password" value="0arizona0" />
		
	<property name="javaMailProperties">
	   <props>
       	      <prop key="mail.smtp.auth">true</prop>
       	      <prop key="mail.smtp.starttls.enable">true</prop>
       	   </props>
	</property>
</bean>
	
<bean id="mailMail" class="com.example.cbs.MailMail">
	<property name="mailSender" ref="mailSender" />
</bean>
	
</beans>
